ID,Pred_prob
T1,0.7421171900667878
T2,0.09410480713845373
T3,0.09711792028108504
T4,0.30642494537034265
T5,0.17880692823383096
T6,0.6938175290640627
T7,0.09690588581067136
T8,0.07890433666914512
T9,0.2570404387509403
T10,0.09709463957320272
T11,0.09690588201703701
T12,0.18266718093122045
T13,0.11449570872868538
T14,0.09690587383639755
T15,0.12346567454249313
T16,0.08823584513522571
T17,0.1809523633280207
T18,0.13088667930099712
T19,0.160394015831737
T20,0.40433104113922724
T21,0.30880832423539917
T22,0.215713826014892
T23,0.10206586145369782
T24,0.09713224882500426
T25,0.09745609665574254
T26,0.09691397451749133
T27,0.8453010999524485
T28,0.6379778328427956
T29,0.6352464763572445
T30,0.09739088159994733
T31,0.4915086235051275
T32,0.10685757648301297
T33,0.16926824552404132
T34,0.15635193919926488
T35,0.09707183206529799
T36,0.44710744459192747
T37,0.18386418902566573
T38,0.3180152008603382
T39,0.11423155987896401
T40,0.24988488026062788
T41,0.09724785412099557
T42,0.21519841030593642
T43,0.4435585628377939
T44,0.11785461634914896
T45,0.09363941347654385
T46,0.09690588547198631
T47,0.09690588585607703
T48,0.09716200888420663
T49,0.4581091131679518
T50,0.09733056998863791
T51,0.09690588594110328
T52,0.09690588592688867
T53,0.20570812541518615
T54,0.23559217838498142
T55,0.09711421448207139
T56,0.21999897435121957
T57,0.09742260219292953
T58,0.11724923112963237
T59,0.09755460078962616
T60,0.2270980143662989
T61,0.29894971583405583
T62,0.0972230633883013
T63,0.09446513364929066
T64,0.1111228517542376
T65,0.26293021442212366
T66,0.17181550379486832
T67,0.31312580179681915
T68,0.11040124038299988
T69,0.24142708362826784
T70,0.2827177879918661
T71,0.10771621711632536
T72,0.27819996438221756
T73,0.13317674477789349
T74,0.11376918867220578
T75,0.10212253542139742
T76,0.13431748294130297
T77,0.13242719083607574
T78,0.09692305692673839
T79,0.10993775541554544
T80,0.09691736029611614
T81,0.12442810015123192
T82,0.12205219866587465
T83,0.09727364214422404
T84,0.09721068851321205
T85,0.15487503634864172
T86,0.09733880035902029
T87,0.2533042606898805
T88,0.09743315789516235
T89,0.09717156231425819
T90,0.09758501094943951
T91,0.4530176719862114
T92,0.2984573856231057
T93,0.43401301930327085
T94,0.11867606904973318
T95,0.9447179253489306
T96,0.48985255810070666
T97,0.10554304954877877
T98,0.82301916600198
T99,0.40855657162596215
T100,0.22664213891788884
T101,0.09774883316193148
T102,0.03569373107035979
T103,0.049383182187954816
T104,0.45131199088938
T105,0.6940695169097821
T106,0.09690588585701447
T107,0.3159249458388803
T108,0.09730215088860103
T109,0.09737506049847813
T110,0.09746000590047037
T111,0.09722033312995888
T112,0.09730530477301061
T113,0.09695469517162383
T114,0.09691131900277203
T115,0.09696656376770542
T116,0.2672589803230154
T117,0.14275988441542925
T118,0.09681933423416292
T119,0.09690588000048386
T120,0.09742953916910255
T121,0.1571073372454305
T122,0.09753905507134973
T123,0.28935702831321136
T124,0.09732356198662037
T125,0.306315431536191
T126,0.19493421663215985
T127,0.09740232599709377
T128,0.5242915039811521
T129,0.5458852027041321
T130,0.18856574470356696
T131,0.48962787588582335
T132,0.09692208801285869
T133,0.7248624187301185
T134,0.127277771228561
T135,0.07531929759974963
T136,0.09691978734947757
T137,0.23899627368604648
T138,0.09690746474630421
T139,0.09692784784713979
T140,0.2034569404550765
T141,0.17637192608781296
T142,0.1116685559633096
T143,0.1649699258795893
T144,0.11067562296785256
T145,0.2149225727118868
T146,0.22966051554145678
T147,0.43126140198677554
T148,0.09719691803987571
T149,0.2292128867073334
T150,0.11339198357809348
T151,0.13690330904054576
T152,0.19127603355618966
T153,0.09737317468308683
T154,0.1295590276950135
T155,0.2348086776690054
T156,0.09862775087497219
T157,0.7172799786882144
T158,0.19562718667410373
T159,0.10000009452780483
T160,0.1748763052432816
T161,0.1274380186298107
T162,0.09692365091679403
T163,0.09716979318021321
T164,0.09743832869212506
T165,0.1498595928454767
T166,0.09597261034243128
T167,0.19431399929795679
T168,0.37064275454551615
T169,0.20899205336915067
T170,0.11684181342553254
T171,0.09835336872100707
T172,0.09766254471328104
T173,0.5242575611587562
T174,0.1295507864618531
T175,0.1277486394412649
T176,0.13104836358695954
T177,0.09690588247133962
T178,0.09701872465626474
T179,0.0970806151930835
T180,0.1125350615114146
T181,0.09713109125198846
T182,0.09182511284341419
T183,0.13445948935538748
T184,0.12790789054450274
T185,0.10548608685807896
T186,0.08637007992955895
T187,0.18361092649635607
T188,0.24246186358288452
T189,0.37461043330867905
T190,0.5117325728637685
T191,0.6848140724856724
T192,0.25929216814597916
T193,0.10535357316430113
T194,0.11966844990304518
T195,0.274817938836878
T196,0.25863509516938354
T197,0.09722408810295552
T198,0.1085763181082567
T199,0.17568244918943793
T200,0.09707879034498487
T201,0.13708513927433033
T202,0.09707232312683516
T203,0.1331700118832521
T204,0.057860739938752945
T205,0.09730561263816886
T206,0.097092901433558
T207,0.07806294592764491
T208,0.11609196639446448
T209,0.1539747321729977
T210,0.11779885249909702
T211,0.0971404904285354
T212,0.22769578081963976
T213,0.14446870488851443
T214,0.09582712187920914
T215,0.09699273104805704
T216,0.10193257162757959
T217,0.09723771530484376
T218,0.16904343719254672
T219,0.08377184651452015
T220,0.500770135615902
T221,0.09753384094201518
